year,ws,plot,tree,history,species,sp_cd,dbh_cm,tr_ht_m,comments
2022,77,32,1352,1,? Oak,,17.9,15.6,
2022,77,32,1353,1,? Oak,,15.7,14.2,
2022,77,43,1325,1,? Oak,,23.1,15.8,
2022,77,43,1331,1,? Oak,,31.8,24.9,
2022,77,43,1334,1,? Oak,,16.1,10.3,
2022,77,43,1335,1,? Oak,,26.9,15.6,
2018,77,160,2984,3,Blackgum,693,,,
2018,77,160,2985,1,Blackgum,693,26.7,16.8,-
2018,77,166,177,1,Blackgum,693,9.7,13.5,
2018,77,166,195,1,Blackgum,693,14.6,17.1,
2018,77,166,200,1,Blackgum,693,9.1,8.4,broken top
2018,77,166,216,1,Blackgum,693,7.9,6.3,tallest point at bend
2018,77,166,217,1,Blackgum,693,21.0,12.6,
2018,77,166,233,1,Blackgum,693,8.2,5.1,broken top
2018,77,166,235,1,Blackgum,693,16.2,19.0,
2018,77,180,2820,2,Blackgum,693,19.8,15.3,DC=1
2018,77,180,2825,1,Blackgum,693,24.9,17.2,QA dbh=24.8;ht=16.9
2018,77,195,442,1,Blackgum,693,15.2,14.6,
2022,77,160,2984,3,Blackgum,693,,,
2022,77,160,2985,1,Blackgum,693,28.6,18.3,
2022,77,166,177,1,Blackgum,693,10.6,14.9,
2022,77,166,195,3,Blackgum,693,,,
2022,77,166,200,3,Blackgum,693,,,
2022,77,166,216,1,Blackgum,693,8.4,6.9,
2022,77,166,217,1,Blackgum,693,21.4,12.8,
2022,77,166,233,1,Blackgum,693,8.4,5.8,
2022,77,166,235,1,Blackgum,693,16.2,19.0,
2022,77,180,2820,3,Blackgum,693,,,
2022,77,180,2825,1,Blackgum,693,25.7,17.7,
2022,77,195,442,1,Blackgum,693,15.9,16.1,
2022,77,43,1324,1,Blackgum ?,,18.5,9.7,
1991,77,180,18,1,Laurel Oak,820,9.9,7.3,
2022,77,32,1343,1,Laurel Oak,820,13.3,11.3,
2022,77,32,1366,1,Laurel Oak,820,14.7,12.3,
2022,77,32,1368,1,Laurel Oak,820,11.8,11.0,
1991,77,32,2,1,Loblolly Pine,131,20.3,13.7,
1991,77,32,3,2,Loblolly Pine,131,30.5,10.7,
1991,77,40,1,1,Loblolly Pine,131,20.6,15.8,
1991,77,40,3,2,Loblolly Pine,131,39.1,7.6,
1991,77,40,5,3,Loblolly Pine,131,37.8,25.3,
1991,77,40,7,2,Loblolly Pine,131,10.2,13.7,
1991,77,40,8,2,Loblolly Pine,131,10.9,14.3,
1991,77,40,9,2,Loblolly Pine,131,12.2,14.3,
1991,77,40,10,1,Loblolly Pine,131,18.3,18.0,
1991,77,40,11,1,Loblolly Pine,131,36.6,23.8,
1991,77,40,12,2,Loblolly Pine,131,9.7,12.8,
1991,77,40,13,2,Loblolly Pine,131,8.6,11.0,
1991,77,40,14,1,Loblolly Pine,131,23.6,18.9,
1991,77,40,15,1,Loblolly Pine,131,15.2,17.4,
1991,77,40,18,2,Loblolly Pine,131,13.0,12.8,
1991,77,40,20,2,Loblolly Pine,131,29.5,9.4,
1991,77,43,1,1,Loblolly Pine,131,15.2,12.2,
1991,77,43,2,1,Loblolly Pine,131,15.2,9.1,
1991,77,43,3,1,Loblolly Pine,131,30.5,19.8,
1991,77,43,5,2,Loblolly Pine,131,25.4,18.3,
1991,77,43,6,2,Loblolly Pine,131,30.5,12.2,
1991,77,43,7,2,Loblolly Pine,131,15.2,6.1,
1991,77,43,11,1,Loblolly Pine,131,15.2,15.2,
1991,77,43,12,1,Loblolly Pine,131,25.4,15.2,
1991,77,63,1,1,Loblolly Pine,131,15.2,13.7,
1991,77,63,2,1,Loblolly Pine,131,15.2,9.1,
1991,77,80,1,1,Loblolly Pine,131,19.6,19.8,
1991,77,80,2,2,Loblolly Pine,131,9.4,9.8,
1991,77,80,3,3,Loblolly Pine,131,20.1,19.8,
1991,77,80,4,1,Loblolly Pine,131,19.6,18.0,
1991,77,80,5,2,Loblolly Pine,131,16.8,18.9,
1991,77,80,6,1,Loblolly Pine,131,16.3,18.6,
1991,77,80,7,3,Loblolly Pine,131,24.9,23.8,
1991,77,80,8,1,Loblolly Pine,131,19.1,18.6,
1991,77,80,9,1,Loblolly Pine,131,19.1,22.6,
1991,77,80,10,1,Loblolly Pine,131,15.0,19.5,
1991,77,80,11,1,Loblolly Pine,131,20.8,23.2,
1991,77,80,12,2,Loblolly Pine,131,12.2,14.3,
1991,77,80,13,2,Loblolly Pine,131,13.0,13.4,
1991,77,80,14,1,Loblolly Pine,131,15.0,20.4,
1991,77,80,15,2,Loblolly Pine,131,11.7,18.6,
1991,77,80,16,2,Loblolly Pine,131,9.9,18.3,
1991,77,80,17,2,Loblolly Pine,131,14.2,14.3,
1991,77,80,18,2,Loblolly Pine,131,10.9,12.2,
1991,77,80,19,1,Loblolly Pine,131,11.9,14.9,
1991,77,80,20,2,Loblolly Pine,131,13.2,8.5,
1991,77,80,21,2,Loblolly Pine,131,8.9,13.1,
1991,77,80,22,1,Loblolly Pine,131,16.3,16.2,
1991,77,80,23,1,Loblolly Pine,131,21.1,17.4,
1991,77,80,24,1,Loblolly Pine,131,15.0,17.1,
1991,77,80,25,1,Loblolly Pine,131,15.2,15.5,
1991,77,80,26,1,Loblolly Pine,131,17.3,15.2,
1991,77,80,27,2,Loblolly Pine,131,12.4,10.7,
1991,77,80,28,1,Loblolly Pine,131,11.7,13.4,
1991,77,80,29,2,Loblolly Pine,131,16.5,9.1,
1991,77,80,30,1,Loblolly Pine,131,14.7,13.1,
1991,77,80,31,3,Loblolly Pine,131,22.1,18.6,
1991,77,80,32,1,Loblolly Pine,131,20.8,18.3,
1991,77,80,33,1,Loblolly Pine,131,17.5,16.2,
1991,77,80,34,2,Loblolly Pine,131,11.2,18.3,
1991,77,80,35,1,Loblolly Pine,131,13.7,14.3,
1991,77,80,36,1,Loblolly Pine,131,14.5,13.4,
1991,77,80,37,2,Loblolly Pine,131,11.9,14.0,
1991,77,80,38,2,Loblolly Pine,131,18.3,8.8,
1991,77,80,39,2,Loblolly Pine,131,12.2,11.6,
1991,77,80,40,1,Loblolly Pine,131,18.5,14.9,
1991,77,90,1,3,Loblolly Pine,131,12.2,7.6,
1991,77,90,2,1,Loblolly Pine,131,14.0,7.6,
1991,77,90,3,1,Loblolly Pine,131,12.2,7.9,
1991,77,90,4,1,Loblolly Pine,131,11.7,7.0,
1991,77,90,5,1,Loblolly Pine,131,11.2,6.7,
1991,77,90,6,1,Loblolly Pine,131,12.7,7.9,
1991,77,90,7,1,Loblolly Pine,131,10.7,7.0,
1991,77,90,8,3,Loblolly Pine,131,13.5,8.2,
1991,77,90,9,1,Loblolly Pine,131,14.2,7.9,
1991,77,90,10,1,Loblolly Pine,131,9.1,6.1,
1991,77,90,11,1,Loblolly Pine,131,15.7,7.9,
1991,77,90,13,1,Loblolly Pine,131,13.2,6.1,
1991,77,100,1,3,Loblolly Pine,131,15.2,13.7,
1991,77,100,3,1,Loblolly Pine,131,17.3,14.6,
1991,77,100,5,1,Loblolly Pine,131,13.7,14.0,
1991,77,100,6,2,Loblolly Pine,131,9.1,10.4,
1991,77,100,7,2,Loblolly Pine,131,35.3,12.8,
1991,77,100,8,1,Loblolly Pine,131,25.1,20.4,
1991,77,110,1,1,Loblolly Pine,131,16.0,17.4,
1991,77,110,3,1,Loblolly Pine,131,19.1,16.5,
1991,77,110,4,2,Loblolly Pine,131,10.2,11.3,
1991,77,110,6,2,Loblolly Pine,131,13.7,14.0,
1991,77,110,7,2,Loblolly Pine,131,19.1,20.1,
1991,77,110,8,2,Loblolly Pine,131,13.0,14.0,
1991,77,110,9,1,Loblolly Pine,131,9.1,11.3,
1991,77,110,10,1,Loblolly Pine,131,17.5,17.1,
1991,77,110,11,2,Loblolly Pine,131,14.0,11.6,
1991,77,110,12,1,Loblolly Pine,131,17.8,13.4,
1991,77,110,13,1,Loblolly Pine,131,7.6,10.1,
1991,77,110,14,1,Loblolly Pine,131,10.9,12.8,
1991,77,110,16,1,Loblolly Pine,131,16.5,17.1,
1991,77,110,17,1,Loblolly Pine,131,11.4,13.4,
1991,77,110,18,1,Loblolly Pine,131,20.8,19.8,
1991,77,110,19,2,Loblolly Pine,131,9.9,12.2,
1991,77,110,20,1,Loblolly Pine,131,19.8,20.1,
1991,77,110,21,1,Loblolly Pine,131,9.1,9.8,
1991,77,110,22,1,Loblolly Pine,131,13.2,18.6,
1991,77,110,23,1,Loblolly Pine,131,15.7,19.2,
1991,77,110,24,1,Loblolly Pine,131,14.0,17.7,
1991,77,110,25,1,Loblolly Pine,131,13.0,17.4,
1991,77,110,26,3,Loblolly Pine,131,22.9,18.3,
1991,77,110,27,2,Loblolly Pine,131,9.1,12.8,
1991,77,110,28,1,Loblolly Pine,131,21.6,20.4,
1991,77,110,29,2,Loblolly Pine,131,11.2,11.6,
1991,77,110,30,2,Loblolly Pine,131,11.2,13.4,
1991,77,110,31,2,Loblolly Pine,131,17.8,19.5,
1991,77,110,32,1,Loblolly Pine,131,21.6,19.2,
1991,77,110,33,1,Loblolly Pine,131,18.8,18.3,
1991,77,110,34,1,Loblolly Pine,131,10.7,11.6,
1991,77,110,35,3,Loblolly Pine,131,12.7,13.7,
1991,77,110,36,1,Loblolly Pine,131,16.5,16.5,
1991,77,110,37,1,Loblolly Pine,131,9.4,11.6,
1991,77,110,38,2,Loblolly Pine,131,7.6,9.1,
1991,77,110,39,1,Loblolly Pine,131,12.7,14.6,
1991,77,110,40,1,Loblolly Pine,131,12.7,14.0,
1991,77,110,41,1,Loblolly Pine,131,17.3,18.9,
1991,77,110,42,1,Loblolly Pine,131,20.3,20.7,
1991,77,110,43,1,Loblolly Pine,131,17.5,19.5,
1991,77,110,44,1,Loblolly Pine,131,16.5,18.6,
1991,77,110,45,1,Loblolly Pine,131,23.9,19.2,
1991,77,110,46,2,Loblolly Pine,131,9.9,14.0,
1991,77,134,1,1,Loblolly Pine,131,30.5,16.8,
1991,77,134,2,2,Loblolly Pine,131,35.6,10.7,
1991,77,134,3,2,Loblolly Pine,131,45.7,9.1,
1991,77,134,4,2,Loblolly Pine,131,40.6,13.7,
1991,77,134,5,1,Loblolly Pine,131,15.2,16.8,
1991,77,160,1,2,Loblolly Pine,131,10.7,10.1,
1991,77,160,2,1,Loblolly Pine,131,30.7,27.7,
1991,77,160,4,1,Loblolly Pine,131,19.3,17.4,
1991,77,160,5,3,Loblolly Pine,131,31.8,28.3,
1991,77,160,6,1,Loblolly Pine,131,29.7,27.4,
1991,77,160,7,3,Loblolly Pine,131,33.3,27.1,
1991,77,160,10,1,Loblolly Pine,131,44.2,29.9,
1991,77,160,11,1,Loblolly Pine,131,33.8,28.3,
1991,77,160,12,2,Loblolly Pine,131,9.7,9.8,
1991,77,160,13,2,Loblolly Pine,131,27.7,6.4,
1991,77,166,2,1,Loblolly Pine,131,15.2,13.7,
1991,77,166,4,1,Loblolly Pine,131,15.2,13.7,
1991,77,166,5,1,Loblolly Pine,131,20.3,18.3,
1991,77,166,6,2,Loblolly Pine,131,30.5,7.6,
1991,77,180,1,2,Loblolly Pine,131,16.3,11.3,
1991,77,180,2,1,Loblolly Pine,131,28.7,20.1,
1991,77,180,3,2,Loblolly Pine,131,29.0,11.9,
1991,77,180,4,1,Loblolly Pine,131,25.7,20.4,
1991,77,180,6,2,Loblolly Pine,131,15.0,16.5,
1991,77,180,7,2,Loblolly Pine,131,17.8,15.5,
1991,77,180,8,2,Loblolly Pine,131,15.7,14.0,
1991,77,180,9,2,Loblolly Pine,131,13.2,11.6,
1991,77,180,10,2,Loblolly Pine,131,50.0,14.0,
1991,77,180,11,2,Loblolly Pine,131,37.3,7.3,
1991,77,180,13,2,Loblolly Pine,131,12.7,13.1,
1991,77,180,14,2,Loblolly Pine,131,19.8,12.8,
1991,77,180,15,1,Loblolly Pine,131,19.1,14.3,
1991,77,180,16,3,Loblolly Pine,131,21.6,21.9,
1991,77,180,17,1,Loblolly Pine,131,25.4,22.6,
1991,77,180,19,3,Loblolly Pine,131,26.9,21.3,
1991,77,180,21,1,Loblolly Pine,131,18.5,18.6,
1991,77,180,22,2,Loblolly Pine,131,12.2,7.3,
1991,77,190,1,3,Loblolly Pine,131,14.7,29.3,
1991,77,190,2,2,Loblolly Pine,131,21.6,23.2,
1991,77,190,3,1,Loblolly Pine,131,30.5,25.3,
1991,77,190,4,1,Loblolly Pine,131,15.2,7.3,
1991,77,190,5,2,Loblolly Pine,131,39.1,11.9,
1991,77,190,7,1,Loblolly Pine,131,20.6,20.1,
1991,77,190,8,2,Loblolly Pine,131,19.8,19.5,
1991,77,190,9,2,Loblolly Pine,131,27.4,10.7,
1991,77,190,10,3,Loblolly Pine,131,38.1,29.9,
1991,77,190,11,2,Loblolly Pine,131,16.8,18.6,
1991,77,190,12,2,Loblolly Pine,131,18.8,19.5,
1991,77,190,13,1,Loblolly Pine,131,14.2,11.3,
1991,77,195,1,1,Loblolly Pine,131,61.0,30.5,
1991,77,195,3,1,Loblolly Pine,131,55.9,30.5,
1991,77,230,1,3,Loblolly Pine,131,13.7,6.7,
1991,77,230,2,1,Loblolly Pine,131,12.7,5.2,
1991,77,230,3,2,Loblolly Pine,131,14.7,8.8,
1991,77,230,4,2,Loblolly Pine,131,12.7,8.5,
1991,77,230,5,1,Loblolly Pine,131,11.2,6.4,
1991,77,230,6,1,Loblolly Pine,131,16.0,10.4,
1991,77,230,7,3,Loblolly Pine,131,9.9,7.3,
1991,77,230,8,1,Loblolly Pine,131,16.5,6.7,
1991,77,230,9,1,Loblolly Pine,131,18.0,5.8,
1991,77,230,10,1,Loblolly Pine,131,11.4,9.8,
1991,77,230,11,1,Loblolly Pine,131,11.7,7.0,
1991,77,230,12,1,Loblolly Pine,131,10.2,5.5,
1991,77,230,13,1,Loblolly Pine,131,13.5,7.9,
1991,77,230,14,1,Loblolly Pine,131,11.4,7.6,
1991,77,230,15,1,Loblolly Pine,131,16.8,7.3,
1991,77,230,16,1,Loblolly Pine,131,15.7,7.0,
1991,77,230,17,1,Loblolly Pine,131,13.2,6.7,
1991,77,230,18,1,Loblolly Pine,131,14.0,7.3,
2013,77,40,2501,1,Loblolly Pine,131,22.9,20.5,
2013,77,40,2502,1,Loblolly Pine,131,35.7,21.5,
2013,77,40,2507,1,Loblolly Pine,131,46.3,29.0,
2013,77,40,2508,1,Loblolly Pine,131,12.7,14.3,
2013,77,40,2509,1,Loblolly Pine,131,23.1,20.6,
2013,77,40,2510,1,Loblolly Pine,131,12.6,11.9,
2013,77,40,2511,1,Loblolly Pine,131,40.6,28.2,
2013,77,40,2512,1,Loblolly Pine,131,9.6,12.1,
2013,77,40,2513,1,Loblolly Pine,131,27.1,23.3,
2013,77,40,2517,1,Loblolly Pine,131,15.5,14.8,
2013,77,40,2518,1,Loblolly Pine,131,37.2,27.2,
2013,77,40,2520,1,Loblolly Pine,131,20.2,17.7,
2013,77,80,2470,1,Loblolly Pine,131,37.3,25.1,
2013,77,80,2471,1,Loblolly Pine,131,36.9,26.7,
2013,77,80,2472,1,Loblolly Pine,131,9.1,9.6,
2013,77,80,2473,1,Loblolly Pine,131,20.8,21.9,
2013,77,80,2474,1,Loblolly Pine,131,28.0,24.2,
2013,77,80,2475,1,Loblolly Pine,131,9.3,11.5,
2013,77,80,2476,1,Loblolly Pine,131,7.9,9.4,
2013,77,80,2477,1,Loblolly Pine,131,33.0,25.6,
2013,77,80,2478,1,Loblolly Pine,131,42.3,25.9,
2013,77,80,2479,1,Loblolly Pine,131,18.4,16.5,
2013,77,80,2480,1,Loblolly Pine,131,16.1,14.4,
2013,77,80,2481,1,Loblolly Pine,131,10.5,12.6,
2013,77,80,2482,1,Loblolly Pine,131,31.0,25.4,
2013,77,80,2483,1,Loblolly Pine,131,10.7,13.4,
2013,77,80,2484,1,Loblolly Pine,131,13.9,14.2,
2013,77,80,2485,1,Loblolly Pine,131,25.8,19.4,
2013,77,90,2961,1,Loblolly Pine,131,35.6,22.5,
2013,77,90,2962,1,Loblolly Pine,131,36.7,23.9,
2013,77,90,2963,1,Loblolly Pine,131,31.4,25.0,
2013,77,90,2964,1,Loblolly Pine,131,27.8,23.2,
2013,77,90,2965,1,Loblolly Pine,131,33.7,24.8,
2013,77,90,2966,1,Loblolly Pine,131,30.3,22.8,
2013,77,90,2967,1,Loblolly Pine,131,31.1,22.9,
2013,77,90,2968,1,Loblolly Pine,131,31.6,22.4,
2013,77,90,2969,1,Loblolly Pine,131,32.4,24.3,
2013,77,90,2970,1,Loblolly Pine,131,23.7,22.3,
2013,77,100,2747,1,Loblolly Pine,131,10.6,10.8,
2013,77,100,2748,1,Loblolly Pine,131,17.8,17.7,
2013,77,100,2749,1,Loblolly Pine,131,7.7,11.6,
2013,77,100,2750,1,Loblolly Pine,131,29.8,20.7,
2013,77,100,2751,2,Loblolly Pine,131,9.8,6.9,
2013,77,100,2752,1,Loblolly Pine,131,14.1,13.1,
2013,77,100,2755,1,Loblolly Pine,131,22.2,20.4,
2013,77,100,2756,1,Loblolly Pine,131,20.8,17.4,
2013,77,100,2757,1,Loblolly Pine,131,13.4,17.0,
2013,77,100,2758,1,Loblolly Pine,131,14.4,15.8,
2013,77,100,2759,1,Loblolly Pine,131,9.8,12.7,
2013,77,100,2760,1,Loblolly Pine,131,13.0,15.9,
2013,77,100,2761,1,Loblolly Pine,131,23.7,20.0,
2013,77,100,2762,1,Loblolly Pine,131,16.2,20.3,
2013,77,100,2763,1,Loblolly Pine,131,14.0,17.5,
2013,77,100,2764,1,Loblolly Pine,131,18.5,19.4,
2013,77,100,2765,1,Loblolly Pine,131,15.0,13.6,
2013,77,100,2767,1,Loblolly Pine,131,46.1,27.6,
2013,77,100,2768,1,Loblolly Pine,131,10.0,10.6,
2013,77,100,2769,1,Loblolly Pine,131,16.3,16.7,
2013,77,100,2770,1,Loblolly Pine,131,39.5,23.5,
2013,77,100,2771,1,Loblolly Pine,131,14.6,12.7,
2013,77,100,2772,1,Loblolly Pine,131,20.9,17.1,
2013,77,100,2773,1,Loblolly Pine,131,22.7,21.9,
2013,77,100,2774,1,Loblolly Pine,131,25.7,16.9,
2013,77,100,2775,1,Loblolly Pine,131,28.5,21.3,
2013,77,100,2778,1,Loblolly Pine,131,13.1,13.4,
2013,77,100,2779,1,Loblolly Pine,131,31.5,21.5,
2013,77,100,2780,1,Loblolly Pine,131,31.0,22.5,
2013,77,110,2521,1,Loblolly Pine,131,20.4,22.4,
2013,77,110,2522,1,Loblolly Pine,131,28.3,24.3,
2013,77,110,2523,1,Loblolly Pine,131,32.3,27.5,
2013,77,110,2524,1,Loblolly Pine,131,25.3,21.1,
2013,77,110,2525,1,Loblolly Pine,131,35.6,24.9,
2013,77,110,2526,1,Loblolly Pine,131,39.2,28.3,
2013,77,110,2527,1,Loblolly Pine,131,25.0,20.9,
2013,77,110,2528,1,Loblolly Pine,131,19.5,18.5,
2013,77,110,2529,1,Loblolly Pine,131,36.2,24.7,
2013,77,110,2530,1,Loblolly Pine,131,28.1,23.5,
2013,77,160,2971,1,Loblolly Pine,131,45.2,32.1,
2013,77,160,2972,1,Loblolly Pine,131,43.6,31.7,
2013,77,160,2973,1,Loblolly Pine,131,8.1,12.7,
2013,77,160,2974,1,Loblolly Pine,131,10.1,10.1,
2013,77,160,2975,1,Loblolly Pine,131,12.5,15.1,
2013,77,160,2976,1,Loblolly Pine,131,13.1,13.3,
2013,77,160,2978,1,Loblolly Pine,131,16.6,16.9,
2013,77,160,2979,1,Loblolly Pine,131,40.6,31.3,
2013,77,160,2981,1,Loblolly Pine,131,36.4,27.9,
2013,77,160,2982,1,Loblolly Pine,131,34.5,27.4,
2013,77,160,2983,1,Loblolly Pine,131,38.5,26.8,
2013,77,180,2815,2,Loblolly Pine,131,11.2,5.2,
2013,77,180,2816,1,Loblolly Pine,131,13.1,14.3,
2013,77,180,2817,1,Loblolly Pine,131,39.0,26.3,
2013,77,180,2818,1,Loblolly Pine,131,44.2,28.5,
2013,77,180,2821,1,Loblolly Pine,131,33.4,22.4,
2013,77,180,2822,1,Loblolly Pine,131,35.4,24.9,
2013,77,180,2823,1,Loblolly Pine,131,23.9,18.0,
2013,77,180,2824,1,Loblolly Pine,131,39.1,29.0,
2013,77,180,2826,1,Loblolly Pine,131,29.6,27.3,
2013,77,180,2827,1,Loblolly Pine,131,18.3,16.4,
2013,77,190,2717,1,Loblolly Pine,131,11.9,12.4,
2013,77,190,2718,1,Loblolly Pine,131,12.2,15.3,
2013,77,190,2719,1,Loblolly Pine,131,10.5,11.6,
2013,77,190,2720,1,Loblolly Pine,131,12.5,16.6,
2013,77,190,2721,1,Loblolly Pine,131,12.1,15.9,
2013,77,190,2722,1,Loblolly Pine,131,12.5,16.7,
2013,77,190,2723,1,Loblolly Pine,131,7.7,11.3,
2013,77,190,2724,1,Loblolly Pine,131,14.2,15.3,
2013,77,190,2725,1,Loblolly Pine,131,18.6,18.3,
2013,77,190,2726,1,Loblolly Pine,131,9.0,12.7,
2013,77,190,2727,1,Loblolly Pine,131,9.5,12.1,
2013,77,190,2728,1,Loblolly Pine,131,16.6,11.1,
2013,77,190,2729,1,Loblolly Pine,131,37.4,30.9,
2013,77,190,2730,1,Loblolly Pine,131,8.1,10.1,
2013,77,190,2731,1,Loblolly Pine,131,13.7,17.2,
2013,77,190,2732,1,Loblolly Pine,131,38.5,31.2,
2013,77,190,2733,1,Loblolly Pine,131,19.5,15.9,
2013,77,190,2734,1,Loblolly Pine,131,9.9,12.8,
2013,77,190,2735,1,Loblolly Pine,131,13.6,16.0,
2013,77,190,2736,1,Loblolly Pine,131,13.3,15.6,
2013,77,190,2737,1,Loblolly Pine,131,14.4,16.7,
2013,77,190,2738,1,Loblolly Pine,131,12.0,13.3,
2013,77,190,2739,1,Loblolly Pine,131,10.7,13.7,
2013,77,190,2740,1,Loblolly Pine,131,12.2,15.9,
2013,77,190,2741,1,Loblolly Pine,131,16.2,17.2,
2013,77,190,2742,1,Loblolly Pine,131,37.9,26.0,
2013,77,190,2743,1,Loblolly Pine,131,21.9,15.9,
2013,77,190,2744,1,Loblolly Pine,131,10.2,11.4,
2013,77,190,2746,1,Loblolly Pine,131,29.2,21.5,
2013,77,230,2555,1,Loblolly Pine,131,39.5,24.6,
2013,77,230,2556,1,Loblolly Pine,131,27.3,21.5,
2013,77,230,2557,1,Loblolly Pine,131,14.9,11.9,
2013,77,230,2558,1,Loblolly Pine,131,29.5,20.6,
2013,77,230,2559,1,Loblolly Pine,131,25.9,22.5,
2013,77,230,2560,1,Loblolly Pine,131,22.7,18.8,
2013,77,230,2561,1,Loblolly Pine,131,15.0,16.6,
2013,77,230,2565,1,Loblolly Pine,131,34.8,24.1,
2013,77,230,2566,2,Loblolly Pine,131,10.4,2.8,
2013,77,230,2567,1,Loblolly Pine,131,30.6,23.7,
2013,77,230,2568,1,Loblolly Pine,131,38.6,23.5,
2013,77,230,2569,1,Loblolly Pine,131,24.0,20.4,
2013,77,230,2570,1,Loblolly Pine,131,14.8,17.3,
2013,77,230,2571,1,Loblolly Pine,131,20.6,21.6,
2013,77,230,2572,1,Loblolly Pine,131,30.2,22.9,
2018,77,63,1307,1,Loblolly Pine,121,14.7,14.2,broken top
2018,77,40,2501,1,Loblolly Pine,131,26.6,23.8,top half  broke off
2018,77,40,2502,2,Loblolly Pine,131,37.3,8.7,DC=3
2018,77,40,2507,1,Loblolly Pine,131,48.8,26.2,-
2018,77,40,2508,1,Loblolly Pine,131,12.8,16.2,QA DBH= 13.1 HT=15.6
2018,77,40,2509,1,Loblolly Pine,131,23.0,19.0, broken top
2018,77,40,2510,1,Loblolly Pine,131,12.8,12.7,QA DBH=12.7 HT=12.4
2018,77,40,2511,1,Loblolly Pine,131,41.1,30.1,QA DBH=41.0 HT=31.4
2018,77,40,2512,1,Loblolly Pine,131,9.7,13.3,-
2018,77,40,2513,1,Loblolly Pine,131,29.9,24.6,-
2018,77,40,2517,1,Loblolly Pine,131,16.6,16.4,-
2018,77,40,2518,1,Loblolly Pine,131,40.1,27.4,QA DBH= 40.2 HT= 27.0
2018,77,40,2520,1,Loblolly Pine,131,22.2,19.2,-
2018,77,63,1302,1,Loblolly Pine,131,16.3,16.0,
2018,77,63,1303,1,Loblolly Pine,131,24.2,19.4,
2018,77,63,1304,1,Loblolly Pine,131,30.2,22.8,
2018,77,63,1305,1,Loblolly Pine,131,26.0,20.5,
2018,77,63,1308,1,Loblolly Pine,131,33.9,21.5,
2018,77,63,1309,1,Loblolly Pine,131,24.5,19.4,
2018,77,63,1310,1,Loblolly Pine,131,27.1,22.8,
2018,77,63,1311,1,Loblolly Pine,131,36.1,21.1,
2018,77,63,1312,1,Loblolly Pine,131,15.3,15.6,
2018,77,63,1313,2,Loblolly Pine,131,28.0,17.8,DC = 2
2018,77,63,1314,1,Loblolly Pine,131,28.7,22.7,
2018,77,63,1315,1,Loblolly Pine,131,20.1,20.4,
2018,77,63,1316,1,Loblolly Pine,131,31.8,23.2,
2018,77,63,1317,1,Loblolly Pine,131,31.4,22.1,
2018,77,63,1318,2,Loblolly Pine,131,37.3,23.3,
2018,77,80,2470,1,Loblolly Pine,131,38.4,,-
2018,77,80,2471,1,Loblolly Pine,131,39.0,26.9,QA DBH=39.2 HT=20.5
2018,77,80,2472,1,Loblolly Pine,131,10.0,10.7,QA DBH=10.1 HT=10.5
2018,77,80,2473,1,Loblolly Pine,131,22.8,24.7,-
2018,77,80,2474,1,Loblolly Pine,131,27.8,21.6,"MEASURED HEIGHT 2 TIMES, BROKEN"
2018,77,80,2475,1,Loblolly Pine,131,9.2,11.9,MEASURED DBH TWICE
2018,77,80,2476,2,Loblolly Pine,131,7.3,2.5,DC=3
2018,77,80,2477,1,Loblolly Pine,131,35.9,27.2,-
2018,77,80,2478,1,Loblolly Pine,131,43.8,26.7,QA DBH= 44.3 HT=26.9
2018,77,80,2479,1,Loblolly Pine,131,18.8,16.6,"IN 2013, 1"" ABOVE DBH"
2018,77,80,2480,1,Loblolly Pine,131,16.9,15.2,-
2018,77,80,2481,1,Loblolly Pine,131,11.0,13.5,QA DBH= 11.1 HT 13.2
2018,77,80,2482,1,Loblolly Pine,131,33.8,25.1,-
2018,77,80,2483,1,Loblolly Pine,131,10.9,12.0,-
2018,77,80,2484,1,Loblolly Pine,131,15.0,15.2,-
2018,77,80,2485,1,Loblolly Pine,131,26.2,20.7,-
2018,77,90,2961,1,Loblolly Pine,131,37.7,24.1,"at dbh, missing bark"
2018,77,90,2962,1,Loblolly Pine,131,41.5,25.6,"at dbh, missing bark"
2018,77,90,2963,1,Loblolly Pine,131,33.8,26.0,-
2018,77,90,2964,1,Loblolly Pine,131,31.3,25.9,-
2018,77,90,2965,1,Loblolly Pine,131,37.7,26.8,-
2018,77,90,2966,1,Loblolly Pine,131,32.8,25.2,-
2018,77,90,2967,1,Loblolly Pine,131,32.5,25.7,-
2018,77,90,2968,1,Loblolly Pine,131,33.8,24.2,-
2018,77,90,2969,1,Loblolly Pine,131,34.9,26.0,-
2018,77,90,2970,1,Loblolly Pine,131,25.3,24.5,-
2018,77,100,2747,1,Loblolly Pine,131,11.9,11.1,-
2018,77,100,2748,1,Loblolly Pine,131,19.9,20.6,-
2018,77,100,2749,1,Loblolly Pine,131,12.4,12.6,-
2018,77,100,2750,1,Loblolly Pine,131,32.2,23.5,-
2018,77,100,2751,3,Loblolly Pine,131,,,
2018,77,100,2752,1,Loblolly Pine,131,14.2,15.0,-
2018,77,100,2755,1,Loblolly Pine,131,25.5,23.1,-
2018,77,100,2756,1,Loblolly Pine,131,21.3,18.6,-
2018,77,100,2757,1,Loblolly Pine,131,13.3,17.6,-
2018,77,100,2758,1,Loblolly Pine,131,14.8,16.7,-
2018,77,100,2759,2,Loblolly Pine,131,9.6,12.2,DC=1
2018,77,100,2760,1,Loblolly Pine,131,13.0,16.0,-
2018,77,100,2761,1,Loblolly Pine,131,26.3,22.6,-
2018,77,100,2762,1,Loblolly Pine,131,18.0,21.9,-
2018,77,100,2763,1,Loblolly Pine,131,15.3,20.3,-
2018,77,100,2764,1,Loblolly Pine,131,20.6,21.6,-
2018,77,100,2765,1,Loblolly Pine,131,16.3,14.7,-
2018,77,100,2767,1,Loblolly Pine,131,49.6,29.1,-
2018,77,100,2768,1,Loblolly Pine,131,11.5,13.4,-
2018,77,100,2769,1,Loblolly Pine,131,17.1,18.7,-
2018,77,100,2770,1,Loblolly Pine,131,44.2,24.5,-
2018,77,100,2771,1,Loblolly Pine,131,16.8,14.5,-
2018,77,100,2772,1,Loblolly Pine,131,22.3,18.2,-
2018,77,100,2773,1,Loblolly Pine,131,25.8,23.6,-
2018,77,100,2774,1,Loblolly Pine,131,27.8,18.2,-
2018,77,100,2775,1,Loblolly Pine,131,33.7,23.6,-
2018,77,100,2778,1,Loblolly Pine,131,14.2,14.4,-
2018,77,100,2779,1,Loblolly Pine,131,33.9,23.2,-
2018,77,100,2780,1,Loblolly Pine,131,37.0,23.9,-
2018,77,110,2521,1,Loblolly Pine,131,21.5,22.7,-
2018,77,110,2522,1,Loblolly Pine,131,30.8,25.5,-
2018,77,110,2523,1,Loblolly Pine,131,33.5,26.8,-
2018,77,110,2524,1,Loblolly Pine,131,26.2,22.2,-
2018,77,110,2525,1,Loblolly Pine,131,36.5,27.2,-
2018,77,110,2526,1,Loblolly Pine,131,41.3,29.5,-
2018,77,110,2527,1,Loblolly Pine,131,25.0,21.8,-
2018,77,110,2528,1,Loblolly Pine,131,19.9,20.4,-
2018,77,110,2529,1,Loblolly Pine,131,38.5,26.9,-
2018,77,110,2530,1,Loblolly Pine,131,32.1,24.3,-
2018,77,134,4,1,Loblolly Pine,131,13.3,19.0,
2018,77,134,7,1,Loblolly Pine,131,16.0,17.4,
2018,77,134,12,1,Loblolly Pine,131,18.1,17.8,
2018,77,134,13,1,Loblolly Pine,131,34.6,23.9,
2018,77,134,15,2,Loblolly Pine,131,10.3,14.3,
2018,77,134,17,2,Loblolly Pine,131,13.1,20.4,
2018,77,134,18,1,Loblolly Pine,131,12.3,16.9,
2018,77,134,19,1,Loblolly Pine,131,24.3,24.4,
2018,77,134,20,1,Loblolly Pine,131,32.1,25.0,
2018,77,134,21,1,Loblolly Pine,131,11.2,11.1,
2018,77,134,22,1,Loblolly Pine,131,25.1,24.4,
2018,77,134,23,2,Loblolly Pine,131,10.4,15.1,
2018,77,134,26,1,Loblolly Pine,131,18.3,24.6,
2018,77,134,27,1,Loblolly Pine,131,18.1,21.0,
2018,77,134,28,2,Loblolly Pine,131,12.2,15.7,
2018,77,134,29,1,Loblolly Pine,131,25.2,25.8,
2018,77,134,31,1,Loblolly Pine,131,18.1,21.3,
2018,77,134,32,1,Loblolly Pine,131,21.3,23.4,
2018,77,134,34,1,Loblolly Pine,131,18.9,18.9,
2018,77,134,36,1,Loblolly Pine,131,19.2,20.7,
2018,77,134,38,1,Loblolly Pine,131,8.8,9.9,
2018,77,134,39,1,Loblolly Pine,131,11.7,15.9,
2018,77,134,43,1,Loblolly Pine,131,20.2,19.4,
2018,77,134,44,1,Loblolly Pine,131,23.5,18.3,
2018,77,134,45,1,Loblolly Pine,131,16.3,14.5,
2018,77,134,46,1,Loblolly Pine,131,34.3,26.1,
2018,77,134,48,1,Loblolly Pine,131,37.3,26.0,
2018,77,134,49,1,Loblolly Pine,131,11.6,16.5,
2018,77,134,50,2,Loblolly Pine,131,9.1,12.3,
2018,77,134,53,1,Loblolly Pine,131,11.1,15.7,
2018,77,134,54,2,Loblolly Pine,131,8.1,12.6,
2018,77,134,55,1,Loblolly Pine,131,20.4,23.0,
2018,77,134,56,1,Loblolly Pine,131,28.6,24.5,
2018,77,134,57,1,Loblolly Pine,131,14.3,18.3,
2018,77,134,58,1,Loblolly Pine,131,24.8,26.7,
2018,77,134,60,1,Loblolly Pine,131,12.9,15.8,almost dead
2018,77,134,63,1,Loblolly Pine,131,38.9,27.3,
2018,77,134,65,1,Loblolly Pine,131,26.3,25.2,
2018,77,134,68,1,Loblolly Pine,131,14.9,15.1,
2018,77,134,72,2,Loblolly Pine,131,32.3,12.8,broken top
2018,77,134,73,1,Loblolly Pine,131,23.0,19.8,
2018,77,134,74,1,Loblolly Pine,131,20.0,22.1,
2018,77,134,75,1,Loblolly Pine,131,27.4,23.6,
2018,77,134,76,1,Loblolly Pine,131,13.0,16.5,
2018,77,134,77,1,Loblolly Pine,131,41.4,27.4,
2018,77,134,80,2,Loblolly Pine,131,12.2,15.2,
2018,77,160,2971,2,Loblolly Pine,131,45.3,12.0,-
2018,77,160,2972,1,Loblolly Pine,131,46.7,30.2,-
2018,77,160,2973,1,Loblolly Pine,131,8.6,10.8,-
2018,77,160,2974,1,Loblolly Pine,131,10.0,10.0,-
2018,77,160,2975,1,Loblolly Pine,131,15.4,16.9,-
2018,77,160,2976,1,Loblolly Pine,131,15.3,15.3,-
2018,77,160,2978,1,Loblolly Pine,131,18.4,18.7,-
2018,77,160,2979,1,Loblolly Pine,131,41.8,32.2,-
2018,77,160,2981,1,Loblolly Pine,131,37.9,29.9,-
2018,77,160,2982,1,Loblolly Pine,131,35.3,28.4,-
2018,77,160,2983,1,Loblolly Pine,131,39.9,28.4,-
2018,77,166,82,2,Loblolly Pine,131,12.5,13.7,
2018,77,166,83,1,Loblolly Pine,131,22.4,20.5,dbh below swell
2018,77,166,84,1,Loblolly Pine,131,32.9,23.9,
2018,77,166,85,2,Loblolly Pine,131,8.9,12.3,broken top
2018,77,166,86,1,Loblolly Pine,131,26.6,22.4,
2018,77,166,89,2,Loblolly Pine,131,26.1,8.7,broken top
2018,77,166,92,1,Loblolly Pine,131,15.9,15.9,
2018,77,166,95,1,Loblolly Pine,131,10.1,11.8,
2018,77,166,97,1,Loblolly Pine,131,27.9,23.1,
2018,77,166,98,1,Loblolly Pine,131,25.6,21.3,
2018,77,166,99,1,Loblolly Pine,131,13.8,13.2,
2018,77,166,100,1,Loblolly Pine,131,17.0,18.2,
2018,77,166,102,1,Loblolly Pine,131,13.1,17.6,
2018,77,166,104,2,Loblolly Pine,131,9.7,12.2,broken top
2018,77,166,105,1,Loblolly Pine,131,21.0,19.4,
2018,77,166,108,1,Loblolly Pine,131,11.5,15.5,
2018,77,166,110,2,Loblolly Pine,131,11.0,14.1,
2018,77,166,115,1,Loblolly Pine,131,11.7,13.9,
2018,77,166,116,1,Loblolly Pine,131,19.5,16.4,
2018,77,166,117,1,Loblolly Pine,131,17.0,18.9,
2018,77,166,121,1,Loblolly Pine,131,15.6,18.5,
2018,77,166,126,1,Loblolly Pine,131,11.4,14.6,
2018,77,166,127,1,Loblolly Pine,131,20.0,18.4,
2018,77,166,130,1,Loblolly Pine,131,11.7,16.3,
2018,77,166,173,1,Loblolly Pine,131,17.6,20.1,
2018,77,166,197,1,Loblolly Pine,131,11.2,14.9,
2018,77,166,198,1,Loblolly Pine,131,13.0,16.4,
2018,77,166,199,1,Loblolly Pine,131,61.5,31.3,branch is tallest point
2018,77,166,201,1,Loblolly Pine,131,33.5,23.6,
2018,77,166,202,1,Loblolly Pine,131,28.0,22.1,
2018,77,166,204,1,Loblolly Pine,131,12.2,14.9,
2018,77,166,205,1,Loblolly Pine,131,9.2,13.3,
2018,77,166,206,2,Loblolly Pine,131,8.3,10.2,
2018,77,166,208,2,Loblolly Pine,131,7.5,9.2,
2018,77,166,209,1,Loblolly Pine,131,14.6,15.3,
2018,77,166,212,1,Loblolly Pine,131,29.5,21.9,
2018,77,166,213,1,Loblolly Pine,131,10.3,11.9,
2018,77,166,214,2,Loblolly Pine,131,23.8,1.9,"3"" below dbh"
2018,77,166,218,1,Loblolly Pine,131,20.5,19.6,
2018,77,166,220,1,Loblolly Pine,131,30.7,24.8,
2018,77,166,221,1,Loblolly Pine,131,28.5,22.6,
2018,77,166,224,1,Loblolly Pine,131,9.9,12.6,
2018,77,166,225,1,Loblolly Pine,131,26.6,20.0,
2018,77,166,228,1,Loblolly Pine,131,22.5,20.2,
2018,77,166,229,1,Loblolly Pine,131,13.8,13.6,
2018,77,166,231,2,Loblolly Pine,131,8.0,11.7,
2018,77,166,239,1,Loblolly Pine,131,12.2,14.2,
2018,77,166,240,2,Loblolly Pine,131,7.9,11.1,
2018,77,166,241,1,Loblolly Pine,131,10.5,11.8,
2018,77,166,242,2,Loblolly Pine,131,9.0,13.6,
2018,77,166,243,1,Loblolly Pine,131,10.1,13.8,
2018,77,180,2815,2,Loblolly Pine,131,10.7,10.4,DC=3
2018,77,180,2816,2,Loblolly Pine,131,14.2,4.8,DC=3
2018,77,180,2817,1,Loblolly Pine,131,41.4,28.6,-
2018,77,180,2818,1,Loblolly Pine,131,45.9,30.5,-
2018,77,180,2821,1,Loblolly Pine,131,35.6,21.7,meas ht 2x
2018,77,180,2822,1,Loblolly Pine,131,37.4,28.4,QA dbh=37.6;ht=27.4(2018)
2018,77,180,2823,1,Loblolly Pine,131,23.7,20.1,meas dbh 2x
2018,77,180,2824,1,Loblolly Pine,131,41.0,31.3,QA dbh=41.1;ht=29.2
2018,77,180,2826,1,Loblolly Pine,131,32.2,28.0,"at dbh, QA dbh=31.9;ht=27.3"
2018,77,180,2827,1,Loblolly Pine,131,21.3,18.5,QA dbh=21.3;ht=19.8
2018,77,190,2717,2,Loblolly Pine,131,12.1,10.9,-
2018,77,190,2718,2,Loblolly Pine,131,11.3,13.9,-
2018,77,190,2719,2,Loblolly Pine,131,10.5,11.9,-
2018,77,190,2720,1,Loblolly Pine,131,13.2,18.6,-
2018,77,190,2721,3,Loblolly Pine,131,,,
2018,77,190,2722,2,Loblolly Pine,131,11.0,4.5,-
2018,77,190,2723,3,Loblolly Pine,131,,,
2018,77,190,2724,2,Loblolly Pine,131,14.5,15.5,-
2018,77,190,2725,1,Loblolly Pine,131,20.3,18.4,-
2018,77,190,2726,2,Loblolly Pine,131,9.0,12.0,-
2018,77,190,2727,2,Loblolly Pine,131,9.2,9.2,-
2018,77,190,2728,2,Loblolly Pine,131,14.9,3.6,-
2018,77,190,2729,3,Loblolly Pine,131,,,
2018,77,190,2730,2,Loblolly Pine,131,8.2,9.9,-
2018,77,190,2731,1,Loblolly Pine,131,14.7,19.8,-
2018,77,190,2732,1,Loblolly Pine,131,39.9,31.9,-
2018,77,190,2733,1,Loblolly Pine,131,21.0,19.2,-
2018,77,190,2734,2,Loblolly Pine,131,9.7,9.1,-
2018,77,190,2735,1,Loblolly Pine,131,14.7,18.5,-
2018,77,190,2736,1,Loblolly Pine,131,14.2,15.5,-
2018,77,190,2737,2,Loblolly Pine,131,11.5,4.6,Dc 3
2018,77,190,2738,1,Loblolly Pine,131,12.8,13.5,-
2018,77,190,2739,2,Loblolly Pine,131,11.0,13.2,-
2018,77,190,2740,2,Loblolly Pine,131,12.8,17.2,-
2018,77,190,2741,1,Loblolly Pine,131,18.2,19.2,-
2018,77,190,2742,1,Loblolly Pine,131,38.5,26.2,-
2018,77,190,2743,1,Loblolly Pine,131,23.2,17.1,-
2018,77,190,2744,2,Loblolly Pine,131,11.2,10.9,-
2018,77,190,2746,1,Loblolly Pine,131,30.7,22.8,-
2018,77,195,244,1,Loblolly Pine,131,27.4,23.3,
2018,77,195,246,1,Loblolly Pine,131,24.3,22.8,
2018,77,195,251,1,Loblolly Pine,131,34.3,21.6,
2018,77,195,253,1,Loblolly Pine,131,20.8,22.4,
2018,77,195,255,1,Loblolly Pine,131,9.9,12.0,
2018,77,195,256,1,Loblolly Pine,131,13.9,17.1,
2018,77,195,258,1,Loblolly Pine,131,9.3,11.5,
2018,77,195,260,1,Loblolly Pine,131,22.6,24.0,
2018,77,195,269,1,Loblolly Pine,131,14.1,19.1,
2018,77,195,275,1,Loblolly Pine,131,13.6,18.8,
2018,77,195,276,1,Loblolly Pine,131,11.2,13.4,
2018,77,195,280,2,Loblolly Pine,131,18.0,17.7,broken top
2018,77,195,281,2,Loblolly Pine,131,9.6,11.6,
2018,77,195,292,2,Loblolly Pine,131,8.8,8.3,broken top
2018,77,195,294,1,Loblolly Pine,131,9.8,11.5,
2018,77,195,303,1,Loblolly Pine,131,13.2,15.8,
2018,77,195,306,1,Loblolly Pine,131,30.4,22.7,
2018,77,195,307,1,Loblolly Pine,131,11.8,14.4,
2018,77,195,312,1,Loblolly Pine,131,16.8,16.8,
2018,77,195,315,1,Loblolly Pine,131,11.8,12.1,broken top
2018,77,195,320,1,Loblolly Pine,131,11.9,15.3,
2018,77,195,322,1,Loblolly Pine,131,8.7,12.5,
2018,77,195,325,1,Loblolly Pine,131,15.4,20.4,
2018,77,195,330,2,Loblolly Pine,131,11.5,16.2,
2018,77,195,337,1,Loblolly Pine,131,8.2,10.0,
2018,77,195,348,1,Loblolly Pine,131,21.7,23.5,
2018,77,195,357,1,Loblolly Pine,131,16.2,20.2,
2018,77,195,373,1,Loblolly Pine,131,23.7,18.9,
2018,77,195,380,1,Loblolly Pine,131,20.3,23.0,
2018,77,195,381,1,Loblolly Pine,131,14.0,20.1,
2018,77,195,382,1,Loblolly Pine,131,13.2,19.7,
2018,77,195,384,1,Loblolly Pine,131,15.6,20.5,
2018,77,195,389,1,Loblolly Pine,131,20.5,22.0,
2018,77,195,390,1,Loblolly Pine,131,24.7,25.0,
2018,77,195,392,2,Loblolly Pine,131,11.5,17.4,
2018,77,195,397,1,Loblolly Pine,131,17.0,18.2,
2018,77,195,400,1,Loblolly Pine,131,22.1,22.5,
2018,77,195,401,1,Loblolly Pine,131,15.1,16.5,
2018,77,195,402,2,Loblolly Pine,131,10.3,13.0,
2018,77,195,406,1,Loblolly Pine,131,19.0,20.8,
2018,77,195,410,1,Loblolly Pine,131,13.6,19.3,
2018,77,195,411,1,Loblolly Pine,131,20.2,20.6,
2018,77,195,419,2,Loblolly Pine,131,13.4,17.9,
2018,77,195,420,1,Loblolly Pine,131,17.0,20.5,
2018,77,195,424,2,Loblolly Pine,131,12.9,17.0,
2018,77,195,427,2,Loblolly Pine,131,9.5,9.8,broken top
2018,77,195,428,2,Loblolly Pine,131,10.9,12.3,
2018,77,195,430,1,Loblolly Pine,131,19.5,21.9,
2018,77,195,435,1,Loblolly Pine,131,18.0,20.0,
2018,77,195,446,1,Loblolly Pine,131,10.1,14.5,
2018,77,195,447,1,Loblolly Pine,131,27.9,21.7,
2018,77,195,477,1,Loblolly Pine,131,12.9,13.1,
2018,77,195,479,1,Loblolly Pine,131,13.6,16.5,
2018,77,195,482,2,Loblolly Pine,131,12.8,9.9,broken top
2018,77,195,483,1,Loblolly Pine,131,32.0,25.8,
2018,77,195,487,2,Loblolly Pine,131,10.0,10.4,
2018,77,195,488,1,Loblolly Pine,131,33.1,24.0,
2018,77,195,492,1,Loblolly Pine,131,18.3,18.2,
2018,77,195,493,1,Loblolly Pine,131,11.7,14.0,
2018,77,230,2555,1,Loblolly Pine,131,40.6,25.9,-
2018,77,230,2556,1,Loblolly Pine,131,31.2,24.4,QA DBH= 31.1 HT=24.2
2018,77,230,2558,1,Loblolly Pine,131,30.8,22.7,-
2018,77,230,2559,1,Loblolly Pine,131,27.2,25.0,-
2018,77,230,2560,1,Loblolly Pine,131,25.6,21.1,-
2018,77,230,2561,3,Loblolly Pine,131,,,
2018,77,230,2565,1,Loblolly Pine,131,37.2,25.7,-
2018,77,230,2566,3,Loblolly Pine,131,,,
2018,77,230,2567,1,Loblolly Pine,131,32.5,24.9,-
2018,77,230,2568,1,Loblolly Pine,131,41.3,25.6,QA DBH= 41.9 HT= 25.6
2018,77,230,2569,1,Loblolly Pine,131,27.1,23.1,-
2018,77,230,2570,1,Loblolly Pine,131,14.9,18.1,-
2018,77,230,2571,1,Loblolly Pine,131,24.8,24.6,-
2018,77,230,2572,1,Loblolly Pine,131,33.5,25.3,QA DBH=33.8 HT=25.4
2022,77,63,1307,4,Loblolly Pine,121,,,
2022,77,32,1338,1,Loblolly Pine,131,48.4,26.6,
2022,77,32,1339,1,Loblolly Pine,131,46.0,25.0,
2022,77,32,1340,1,Loblolly Pine,131,33.9,26.3,
2022,77,32,1344,1,Loblolly Pine,131,42.7,26.5,
2022,77,32,1346,1,Loblolly Pine,131,13.3,16.6,
2022,77,32,1347,1,Loblolly Pine,131,18.8,18.6,
2022,77,32,1355,1,Loblolly Pine,131,8.5,10.6,
2022,77,32,1357,1,Loblolly Pine,131,8.9,11.9,
2022,77,32,1358,1,Loblolly Pine,131,37.5,26.4,
2022,77,32,1359,1,Loblolly Pine,131,27.4,20.6,
2022,77,32,1362,1,Loblolly Pine,131,8.1,8.9,
2022,77,32,1363,1,Loblolly Pine,131,20.0,19.3,
2022,77,32,1364,1,Loblolly Pine,131,28.3,23.2,
2022,77,32,1365,1,Loblolly Pine,131,9.7,11.9,
2022,77,32,1367,1,Loblolly Pine,131,11.5,12.3,
2022,77,32,1369,1,Loblolly Pine,131,34.2,23.7,
2022,77,32,1370,1,Loblolly Pine,131,8.6,10.9,
2022,77,40,2501,1,Loblolly Pine,131,30.2,26.8,
2022,77,40,2502,2,Loblolly Pine,131,38.6,8.4,
2022,77,40,2507,1,Loblolly Pine,131,50.4,29.1,
2022,77,40,2508,1,Loblolly Pine,131,13.2,16.7,
2022,77,40,2509,1,Loblolly Pine,131,23.3,19.6,
2022,77,40,2510,1,Loblolly Pine,131,13.6,13.1,
2022,77,40,2511,1,Loblolly Pine,131,42.2,31.5,
2022,77,40,2512,1,Loblolly Pine,131,10.2,13.9,
2022,77,40,2513,1,Loblolly Pine,131,33.4,25.5,
2022,77,40,2517,1,Loblolly Pine,131,18.6,17.5,
2022,77,40,2518,2,Loblolly Pine,131,42.0,26.5,
2022,77,40,2520,1,Loblolly Pine,131,23.9,20.0,
2022,77,43,1326,1,Loblolly Pine,131,10.9,11.1,
2022,77,43,1328,1,Loblolly Pine,131,40.2,19.1,
2022,77,43,1329,1,Loblolly Pine,131,32.9,25.9,
2022,77,43,1332,1,Loblolly Pine,131,32.7,23.8,
2022,77,63,1302,4,Loblolly Pine,131,,,
2022,77,63,1303,4,Loblolly Pine,131,,,
2022,77,63,1304,4,Loblolly Pine,131,,,
2022,77,63,1305,4,Loblolly Pine,131,,,
2022,77,63,1308,4,Loblolly Pine,131,,,
2022,77,63,1309,4,Loblolly Pine,131,,,
2022,77,63,1310,4,Loblolly Pine,131,,,
2022,77,63,1311,4,Loblolly Pine,131,,,
2022,77,63,1312,4,Loblolly Pine,131,,,
2022,77,63,1313,3,Loblolly Pine,131,,,
2022,77,63,1314,1,Loblolly Pine,131,31.2,23.6,
2022,77,63,1315,4,Loblolly Pine,131,,,
2022,77,63,1316,4,Loblolly Pine,131,,,
2022,77,63,1317,4,Loblolly Pine,131,,,
2022,77,63,1318,3,Loblolly Pine,131,,,
2022,77,80,2470,1,Loblolly Pine,131,28.9,25.4,
2022,77,80,2471,4,Loblolly Pine,131,,,
2022,77,80,2472,4,Loblolly Pine,131,,,
2022,77,80,2473,4,Loblolly Pine,131,,,
2022,77,80,2474,4,Loblolly Pine,131,,,
2022,77,80,2475,4,Loblolly Pine,131,,,
2022,77,80,2476,3,Loblolly Pine,131,,,
2022,77,80,2477,4,Loblolly Pine,131,,,
2022,77,80,2478,1,Loblolly Pine,131,44.4,27.3,
2022,77,80,2479,4,Loblolly Pine,131,,,
2022,77,80,2480,4,Loblolly Pine,131,,,
2022,77,80,2481,4,Loblolly Pine,131,,,
2022,77,80,2482,4,Loblolly Pine,131,,,
2022,77,80,2483,4,Loblolly Pine,131,,,
2022,77,80,2484,4,Loblolly Pine,131,,,
2022,77,80,2485,4,Loblolly Pine,131,,,
2022,77,90,2961,4,Loblolly Pine,131,,,
2022,77,90,2962,4,Loblolly Pine,131,,,
2022,77,90,2963,4,Loblolly Pine,131,,,
2022,77,90,2964,4,Loblolly Pine,131,,,
2022,77,90,2965,1,Loblolly Pine,131,39.9,28.0,
2022,77,90,2966,4,Loblolly Pine,131,,,
2022,77,90,2967,4,Loblolly Pine,131,,,
2022,77,90,2968,1,Loblolly Pine,131,34.9,25.7,
2022,77,90,2969,4,Loblolly Pine,131,,,
2022,77,90,2970,4,Loblolly Pine,131,,,
2022,77,100,2747,4,Loblolly Pine,131,,,
2022,77,100,2748,4,Loblolly Pine,131,,,
2022,77,100,2749,4,Loblolly Pine,131,,,
2022,77,100,2750,4,Loblolly Pine,131,,,
2022,77,100,2751,3,Loblolly Pine,131,,,
2022,77,100,2752,4,Loblolly Pine,131,,,
2022,77,100,2755,4,Loblolly Pine,131,,,
2022,77,100,2756,4,Loblolly Pine,131,,,
2022,77,100,2757,4,Loblolly Pine,131,,,
2022,77,100,2758,4,Loblolly Pine,131,,,
2022,77,100,2759,3,Loblolly Pine,131,,,
2022,77,100,2760,4,Loblolly Pine,131,,,
2022,77,100,2761,4,Loblolly Pine,131,,,
2022,77,100,2762,4,Loblolly Pine,131,,,
2022,77,100,2763,4,Loblolly Pine,131,,,
2022,77,100,2764,4,Loblolly Pine,131,,,
2022,77,100,2765,4,Loblolly Pine,131,,,
2022,77,100,2767,4,Loblolly Pine,131,,,
2022,77,100,2768,4,Loblolly Pine,131,,,
2022,77,100,2769,4,Loblolly Pine,131,,,
2022,77,100,2770,4,Loblolly Pine,131,,,
2022,77,100,2771,4,Loblolly Pine,131,,,
2022,77,100,2772,4,Loblolly Pine,131,,,
2022,77,100,2773,4,Loblolly Pine,131,,,
2022,77,100,2774,4,Loblolly Pine,131,,,
2022,77,100,2775,4,Loblolly Pine,131,,,
2022,77,100,2778,4,Loblolly Pine,131,,,
2022,77,100,2779,4,Loblolly Pine,131,,,
2022,77,100,2780,4,Loblolly Pine,131,,,
2022,77,110,2521,4,Loblolly Pine,131,,,
2022,77,110,2522,4,Loblolly Pine,131,,,
2022,77,110,2523,4,Loblolly Pine,131,,,
2022,77,110,2524,4,Loblolly Pine,131,,,
2022,77,110,2525,4,Loblolly Pine,131,,,
2022,77,110,2526,4,Loblolly Pine,131,,,
2022,77,110,2527,4,Loblolly Pine,131,,,
2022,77,110,2528,4,Loblolly Pine,131,,,
2022,77,110,2529,1,Loblolly Pine,131,40.5,28.2,
2022,77,110,2530,4,Loblolly Pine,131,,,
2022,77,134,4,4,Loblolly Pine,131,,,
2022,77,134,7,4,Loblolly Pine,131,,,
2022,77,134,12,4,Loblolly Pine,131,,,
2022,77,134,13,1,Loblolly Pine,131,36.3,26.4,
2022,77,134,15,3,Loblolly Pine,131,,,
2022,77,134,17,3,Loblolly Pine,131,,,
2022,77,134,18,4,Loblolly Pine,131,,,
2022,77,134,19,1,Loblolly Pine,131,26.5,25.8,
2022,77,134,20,1,Loblolly Pine,131,35.4,26.8,
2022,77,134,21,4,Loblolly Pine,131,,,
2022,77,134,22,4,Loblolly Pine,131,,,
2022,77,134,23,3,Loblolly Pine,131,,,
2022,77,134,26,1,Loblolly Pine,131,19.1,23.5,
2022,77,134,27,4,Loblolly Pine,131,,,
2022,77,134,28,3,Loblolly Pine,131,,,
2022,77,134,29,1,Loblolly Pine,131,27.6,27.2,
2022,77,134,31,4,Loblolly Pine,131,,,
2022,77,134,32,4,Loblolly Pine,131,,,
2022,77,134,34,4,Loblolly Pine,131,,,
2022,77,134,36,4,Loblolly Pine,131,,,
2022,77,134,38,4,Loblolly Pine,131,,,
2022,77,134,39,4,Loblolly Pine,131,,,
2022,77,134,43,4,Loblolly Pine,131,,,
2022,77,134,44,4,Loblolly Pine,131,,,
2022,77,134,45,4,Loblolly Pine,131,,,
2022,77,134,46,4,Loblolly Pine,131,,,
2022,77,134,48,1,Loblolly Pine,131,38.9,27.8,
2022,77,134,49,4,Loblolly Pine,131,,,
2022,77,134,50,3,Loblolly Pine,131,,,
2022,77,134,53,4,Loblolly Pine,131,,,
2022,77,134,54,3,Loblolly Pine,131,,,
2022,77,134,55,4,Loblolly Pine,131,,,
2022,77,134,56,1,Loblolly Pine,131,30.1,26.2,
2022,77,134,57,2,Loblolly Pine,131,13.8,3.2,
2022,77,134,58,1,Loblolly Pine,131,26.3,28.1,
2022,77,134,60,3,Loblolly Pine,131,,,
2022,77,134,63,1,Loblolly Pine,131,42.1,28.6,
2022,77,134,65,1,Loblolly Pine,131,28.5,27.1,
2022,77,134,68,4,Loblolly Pine,131,,,
2022,77,134,72,2,Loblolly Pine,131,31.8,12.6,
2022,77,134,73,1,Loblolly Pine,131,22.9,22.6,
2022,77,134,74,4,Loblolly Pine,131,,,
2022,77,134,75,4,Loblolly Pine,131,,,
2022,77,134,76,4,Loblolly Pine,131,,,
2022,77,134,77,1,Loblolly Pine,131,44.7,28.9,
2022,77,134,80,3,Loblolly Pine,131,,,
2022,77,160,2971,3,Loblolly Pine,131,,,
2022,77,160,2972,4,Loblolly Pine,131,,,
2022,77,160,2973,4,Loblolly Pine,131,,,
2022,77,160,2974,3,Loblolly Pine,131,,,
2022,77,160,2975,4,Loblolly Pine,131,,,
2022,77,160,2976,1,Loblolly Pine,131,17.3,18.6,
2022,77,160,2978,2,Loblolly Pine,131,15.4,7.3,
2022,77,160,2979,1,Loblolly Pine,131,43.1,32.2,
2022,77,160,2981,1,Loblolly Pine,131,38.1,29.9,
2022,77,160,2982,4,Loblolly Pine,131,,,
2022,77,160,2983,4,Loblolly Pine,131,,,
2022,77,166,82,3,Loblolly Pine,131,,,
2022,77,166,83,4,Loblolly Pine,131,,,
2022,77,166,84,1,Loblolly Pine,131,35.0,27.4,
2022,77,166,85,3,Loblolly Pine,131,,,
2022,77,166,86,1,Loblolly Pine,131,29.2,25.0,
2022,77,166,89,3,Loblolly Pine,131,,,
2022,77,166,92,4,Loblolly Pine,131,,,
2022,77,166,95,3,Loblolly Pine,131,,,
2022,77,166,97,1,Loblolly Pine,131,30.0,25.3,
2022,77,166,98,1,Loblolly Pine,131,28.8,24.0,
2022,77,166,99,4,Loblolly Pine,131,,,
2022,77,166,100,4,Loblolly Pine,131,,,
2022,77,166,102,3,Loblolly Pine,131,,,
2022,77,166,104,4,Loblolly Pine,131,,,
2022,77,166,105,1,Loblolly Pine,131,23.5,21.5,
2022,77,166,108,1,Loblolly Pine,131,12.0,13.8,
2022,77,166,110,4,Loblolly Pine,131,,,
2022,77,166,115,1,Loblolly Pine,131,11.8,14.1,
2022,77,166,116,1,Loblolly Pine,131,21.4,20.5,
2022,77,166,117,4,Loblolly Pine,131,,,
2022,77,166,121,4,Loblolly Pine,131,,,
2022,77,166,126,1,Loblolly Pine,131,11.8,15.0,
2022,77,166,127,1,Loblolly Pine,131,22.5,20.5,
2022,77,166,130,1,Loblolly Pine,131,12.0,16.6,
2022,77,166,173,1,Loblolly Pine,131,20.0,21.6,
2022,77,166,197,1,Loblolly Pine,131,12.3,15.1,
2022,77,166,198,1,Loblolly Pine,131,13.4,17.7,
2022,77,166,199,1,Loblolly Pine,131,62.6,37.3,
2022,77,166,201,4,Loblolly Pine,131,,,
2022,77,166,202,4,Loblolly Pine,131,,,
2022,77,166,204,4,Loblolly Pine,131,,,
2022,77,166,205,4,Loblolly Pine,131,,,
2022,77,166,206,3,Loblolly Pine,131,,,
2022,77,166,208,3,Loblolly Pine,131,,,
2022,77,166,209,3,Loblolly Pine,131,,,
2022,77,166,212,1,Loblolly Pine,131,30.7,23.7,
2022,77,166,213,3,Loblolly Pine,131,,,
2022,77,166,214,4,Loblolly Pine,131,,,
2022,77,166,218,4,Loblolly Pine,131,,,
2022,77,166,220,1,Loblolly Pine,131,33.5,27.0,
2022,77,166,221,4,Loblolly Pine,131,,,
2022,77,166,224,3,Loblolly Pine,131,,,
2022,77,166,225,1,Loblolly Pine,131,29.0,21.4,
2022,77,166,228,4,Loblolly Pine,131,,,
2022,77,166,229,4,Loblolly Pine,131,,,
2022,77,166,231,3,Loblolly Pine,131,,,
2022,77,166,239,4,Loblolly Pine,131,,,
2022,77,166,240,3,Loblolly Pine,131,,,
2022,77,166,241,1,Loblolly Pine,131,10.6,13.1,
2022,77,166,242,3,Loblolly Pine,131,,,
2022,77,166,243,1,Loblolly Pine,131,10.1,14.8,
2022,77,180,2815,3,Loblolly Pine,131,,,
2022,77,180,2816,3,Loblolly Pine,131,,,
2022,77,180,2817,1,Loblolly Pine,131,43.2,28.9,
2022,77,180,2818,1,Loblolly Pine,131,48.5,31.0,
2022,77,180,2821,4,Loblolly Pine,131,,,
2022,77,180,2822,4,Loblolly Pine,131,,,
2022,77,180,2823,2,Loblolly Pine,131,22.6,6.9,
2022,77,180,2824,4,Loblolly Pine,131,,,
2022,77,180,2826,4,Loblolly Pine,131,,,
2022,77,180,2827,4,Loblolly Pine,131,,,
2022,77,190,2717,3,Loblolly Pine,131,,,
2022,77,190,2718,3,Loblolly Pine,131,,,
2022,77,190,2719,3,Loblolly Pine,131,,,
2022,77,190,2720,4,Loblolly Pine,131,,,
2022,77,190,2721,3,Loblolly Pine,131,,,
2022,77,190,2722,3,Loblolly Pine,131,,,
2022,77,190,2723,3,Loblolly Pine,131,,,
2022,77,190,2724,3,Loblolly Pine,131,,,
2022,77,190,2725,1,Loblolly Pine,131,22.7,22.1,
2022,77,190,2726,3,Loblolly Pine,131,,,
2022,77,190,2727,3,Loblolly Pine,131,,,
2022,77,190,2728,3,Loblolly Pine,131,,,
2022,77,190,2729,3,Loblolly Pine,131,,,
2022,77,190,2730,3,Loblolly Pine,131,,,
2022,77,190,2731,4,Loblolly Pine,131,,,
2022,77,190,2732,1,Loblolly Pine,131,41.6,32.3,
2022,77,190,2733,1,Loblolly Pine,131,21.3,17.9,
2022,77,190,2734,3,Loblolly Pine,131,,,
2022,77,190,2735,4,Loblolly Pine,131,,,
2022,77,190,2736,1,Loblolly Pine,131,14.4,17.4,
2022,77,190,2737,3,Loblolly Pine,131,,,
2022,77,190,2738,3,Loblolly Pine,131,,,
2022,77,190,2739,3,Loblolly Pine,131,,,
2022,77,190,2740,3,Loblolly Pine,131,,,
2022,77,190,2741,1,Loblolly Pine,131,20.0,19.8,
2022,77,190,2742,1,Loblolly Pine,131,37.6,28.0,
2022,77,190,2743,1,Loblolly Pine,131,21.8,18.0,
2022,77,190,2744,3,Loblolly Pine,131,,,
2022,77,190,2746,1,Loblolly Pine,131,31.9,23.7,
2022,77,195,244,1,Loblolly Pine,131,28.8,25.3,
2022,77,195,246,1,Loblolly Pine,131,26.1,25.9,
2022,77,195,251,1,Loblolly Pine,131,35.8,24.1,
2022,77,195,253,1,Loblolly Pine,131,21.7,22.5,
2022,77,195,255,4,Loblolly Pine,131,,,
2022,77,195,256,4,Loblolly Pine,131,,,
2022,77,195,258,1,Loblolly Pine,131,9.3,11.5,
2022,77,195,260,1,Loblolly Pine,131,24.6,24.9,
2022,77,195,269,4,Loblolly Pine,131,,,
2022,77,195,275,4,Loblolly Pine,131,,,
2022,77,195,276,4,Loblolly Pine,131,,,
2022,77,195,280,3,Loblolly Pine,131,,,
2022,77,195,281,3,Loblolly Pine,131,,,
2022,77,195,292,3,Loblolly Pine,131,,,
2022,77,195,294,4,Loblolly Pine,131,,,
2022,77,195,303,4,Loblolly Pine,131,,,
2022,77,195,306,1,Loblolly Pine,131,32.6,25.2,
2022,77,195,307,2,Loblolly Pine,131,12.0,7.8,
2022,77,195,312,4,Loblolly Pine,131,,,
2022,77,195,315,4,Loblolly Pine,131,,,
2022,77,195,320,4,Loblolly Pine,131,,,
2022,77,195,322,3,Loblolly Pine,131,,,
2022,77,195,325,4,Loblolly Pine,131,,,
2022,77,195,330,3,Loblolly Pine,131,,,
2022,77,195,337,4,Loblolly Pine,131,,,
2022,77,195,348,1,Loblolly Pine,131,23.8,26.3,
2022,77,195,357,1,Loblolly Pine,131,16.9,21.8,
2022,77,195,373,4,Loblolly Pine,131,,,
2022,77,195,380,1,Loblolly Pine,131,22.5,25.6,
2022,77,195,381,4,Loblolly Pine,131,,,
2022,77,195,382,4,Loblolly Pine,131,,,
2022,77,195,384,4,Loblolly Pine,131,,,
2022,77,195,389,1,Loblolly Pine,131,22.4,23.2,
2022,77,195,390,1,Loblolly Pine,131,26.8,26.0,
2022,77,195,392,3,Loblolly Pine,131,,,
2022,77,195,397,2,Loblolly Pine,131,16.1,3.1,
2022,77,195,400,1,Loblolly Pine,131,24.2,24.6,
2022,77,195,401,4,Loblolly Pine,131,,,
2022,77,195,402,3,Loblolly Pine,131,,,
2022,77,195,406,4,Loblolly Pine,131,,,
2022,77,195,410,4,Loblolly Pine,131,,,
2022,77,195,411,1,Loblolly Pine,131,21.9,22.6,
2022,77,195,419,3,Loblolly Pine,131,,,
2022,77,195,420,1,Loblolly Pine,131,18.2,21.8,
2022,77,195,424,3,Loblolly Pine,131,,,
2022,77,195,427,3,Loblolly Pine,131,,,
2022,77,195,428,3,Loblolly Pine,131,,,
2022,77,195,430,4,Loblolly Pine,131,,,
2022,77,195,435,4,Loblolly Pine,131,,,
2022,77,195,446,3,Loblolly Pine,131,,,
2022,77,195,447,1,Loblolly Pine,131,30.1,24.0,
2022,77,195,477,4,Loblolly Pine,131,,,
2022,77,195,479,3,Loblolly Pine,131,,,
2022,77,195,482,3,Loblolly Pine,131,,,
2022,77,195,483,1,Loblolly Pine,131,32.7,27.5,
2022,77,195,487,3,Loblolly Pine,131,,,
2022,77,195,488,1,Loblolly Pine,131,34.4,25.1,
2022,77,195,492,4,Loblolly Pine,131,,,
2022,77,195,493,4,Loblolly Pine,131,,,
2022,77,230,2555,1,Loblolly Pine,131,41.8,27.4,
2022,77,230,2556,4,Loblolly Pine,131,,,
2022,77,230,2558,4,Loblolly Pine,131,,,
2022,77,230,2559,4,Loblolly Pine,131,,,
2022,77,230,2560,4,Loblolly Pine,131,,,
2022,77,230,2561,3,Loblolly Pine,131,,,
2022,77,230,2565,4,Loblolly Pine,131,,,
2022,77,230,2566,3,Loblolly Pine,131,,,
2022,77,230,2567,4,Loblolly Pine,131,,,
2022,77,230,2568,4,Loblolly Pine,131,,,
2022,77,230,2569,4,Loblolly Pine,131,,,
2022,77,230,2570,4,Loblolly Pine,131,,,
2022,77,230,2571,4,Loblolly Pine,131,,,
2022,77,230,2572,4,Loblolly Pine,131,,,
1991,77,40,19,1,Longleaf Pine,121,18.0,18.0,
1991,77,100,2,3,Longleaf Pine,121,38.1,21.6,
1991,77,100,4,2,Longleaf Pine,121,46.7,16.5,
2013,77,100,2753,1,Longleaf Pine,121,8.1,9.0,
2013,77,100,2754,1,Longleaf Pine,121,13.6,12.4,
2013,77,100,2776,1,Longleaf Pine,121,10.7,13.1,
2013,77,100,2777,1,Longleaf Pine,121,40.3,27.5,
2018,77,63,1301,1,Longleaf Pine,121,21.7,18.3,
2018,77,100,2753,1,Longleaf Pine,121,8.1,9.6,-
2018,77,100,2754,1,Longleaf Pine,121,14.4,14.7,-
2018,77,100,2776,1,Longleaf Pine,121,11.3,14.4,-
2018,77,100,2777,1,Longleaf Pine,121,40.8,23.8,-
2018,77,63,1306,1,Longleaf Pine,131,15.6,14.4,
2022,77,63,1301,1,Longleaf Pine,121,24.4,19.0,
2022,77,100,2753,3,Longleaf Pine,121,,,
2022,77,100,2754,1,Longleaf Pine,121,14.6,16.1,
2022,77,100,2776,4,Longleaf Pine,121,,,
2022,77,100,2777,1,Longleaf Pine,121,,,
2022,77,63,1306,4,Longleaf Pine,131,,,
2013,77,100,2766,2,Musclewood,999,16.4,4.9,
2013,77,160,2977,2,Musclewood,999,20.5,8.5,
2013,77,160,2980,2,Musclewood,999,20.2,9.9,
2013,77,180,2819,2,Musclewood,999,17.7,4.2,
2018,77,100,2766,3,Other HWD,300,,,
2018,77,160,2977,2,Other HWD,300,14.1,5.9,-
2018,77,160,2980,2,Other HWD,300,20.2,7.8,-
2018,77,180,2819,3,Other HWD,300,,,
2022,77,100,2766,3,Other HWD,300,,,
2022,77,160,2977,2,Other HWD,300,14.1,5.6,
2022,77,160,2980,3,Other HWD,300,,,
2022,77,180,2819,3,Other HWD,300,,,
2018,77,134,51,1,Post Oak,835,11.5,11.4,
2018,77,134,78,1,Post Oak,835,11.4,6.8,dbh at new terminal branch
2022,77,43,1333,1,Post Oak,835,19.2,9.9,
2022,77,134,51,1,Post Oak,835,11.8,10.6,
2022,77,134,78,3,Post Oak,835,,,
2022,77,32,1356,1,Post or White Oak?,,13.3,12.9,
2022,77,32,1361,1,Post or White Oak?,,17.9,11.8,
1991,4,32,1,1,Red Maple,316,20.3,12.2,
1991,77,43,4,1,Red Maple,316,15.2,6.1,
2018,77,166,128,1,Red Maple,316,13.7,16.0,
2018,77,166,129,1,Red Maple,316,14.0,16.9,
2018,77,166,191,2,Red Maple,316,15.6,9.5,"8"" above dbh"
2018,77,166,192,1,Red Maple,316,8.7,14.8,
2018,77,166,193,1,Red Maple,316,14.8,11.2,"8"" above dbh"
2018,77,166,194,1,Red Maple,316,12.7,15.7,
2018,77,166,222,1,Red Maple,316,13.7,12.3,
2018,77,166,236,1,Red Maple,316,22.1,17.4,
2022,77,32,1336,1,Red Maple,316,27.1,18.6,
2022,77,32,1337,1,Red Maple,316,16.1,13.0,
2022,77,32,1341,1,Red Maple,316,10.9,13.6,
2022,77,32,1342,1,Red Maple,316,9.3,12.9,
2022,77,32,1345,1,Red Maple,316,14.1,14.3,
2022,77,166,128,1,Red Maple,316,14.3,16.3,
2022,77,166,129,1,Red Maple,316,14.8,18.3,
2022,77,166,191,3,Red Maple,316,,,
2022,77,166,192,3,Red Maple,316,,,
2022,77,166,193,3,Red Maple,316,,,
2022,77,166,194,3,Red Maple,316,,,
2022,77,166,222,3,Red Maple,316,,,
2022,77,166,236,1,Red Maple,316,22.2,19.1,
2022,77,43,1327,1,Southern Red Oak,812,28.8,19.5,
1991,77,160,3,1,Swamp White Oak,804,18.8,11.6,
1991,77,40,4,1,Sweetgum,611,8.4,8.8,
1991,77,40,6,1,Sweetgum,611,8.9,8.2,
1991,77,40,17,1,Sweetgum,611,20.1,13.7,
1991,77,43,8,1,Sweetgum,611,25.4,18.3,
1991,77,43,9,1,Sweetgum,611,25.4,18.3,
1991,77,90,12,1,Sweetgum,611,9.7,6.4,
1991,77,110,2,1,Sweetgum,611,13.7,13.1,
1991,77,110,5,1,Sweetgum,611,7.6,7.9,
1991,77,110,15,1,Sweetgum,611,13.0,12.8,
1991,77,166,1,1,Sweetgum,611,20.3,12.2,
1991,77,166,3,1,Sweetgum,611,15.2,12.2,
2018,77,40,2504,3,Sweetgum,611,,,
2018,77,195,252,2,Sweetgum,611,12.9,9.8,
2018,77,195,296,1,Sweetgum,611,9.5,9.6,
2018,77,195,398,1,Sweetgum,611,33.1,24.7,
2018,77,230,2557,2,sweetgum,611,15.1,12.8,-
2018,77,230,2562,2,Sweetgum,611,12.8,8.6,-
2018,77,230,2563,3,Sweetgum,611,,,
2018,77,230,2564,3,Sweetgum,611,,,
2022,77,195,252,3,Sweetgum,611,,,
2022,77,195,296,1,Sweetgum,611,9.2,8.4,
2022,77,195,398,1,Sweetgum,611,34.1,24.8,
2022,77,230,2557,3,sweetgum,611,,,
2022,77,230,2562,3,Sweetgum,611,,,
2022,77,230,2563,3,Sweetgum,611,,,
2022,77,230,2564,3,Sweetgum,611,,,
2013,77,40,2504,1,Sweetgum ,611,10.4,9.5,
2013,77,230,2562,1,Sweetgum ,611,13.4,9.6,
2013,77,230,2563,2,Sweetgum ,611,9.8,3.2,
2013,77,230,2564,2,Sweetgum ,611,10.0,2.8,
2018,77,40,2503,1,Up. Blackgum,693,24.6,16.4,QA DBH=24.7 HT=16.9
2018,77,40,2514,1,Up. Blackgum,693,18.1,14.5,-
2018,77,40,2519,1,Up. Blackgum,693,11.7,8.1,broken top
2018,77,190,2745,1,Up. Blackgum,693,31.3,19.5,-
2022,77,40,2503,1,Up. Blackgum,693,25.4,18.6,
2022,77,40,2514,1,Up. Blackgum,693,18.6,14.9,
2022,77,40,2519,3,Up. Blackgum,693,,,
2022,77,190,2745,1,Up. Blackgum,693,31.9,19.9,
1991,77,40,2,1,Upland Blackgum,693,18.8,13.1,
1991,77,40,16,3,Upland Blackgum,693,13.2,9.4,
1991,77,160,8,1,Upland Blackgum,693,13.7,7.3,
1991,77,160,9,1,Upland Blackgum,693,20.6,12.8,
1991,77,180,20,1,Upland Blackgum,693,16.5,9.8,
1991,77,190,6,1,Upland Blackgum,693,22.9,14.0,
2013,77,40,2503,1,Upland Blackgum,693,24.5,16.5,
2013,77,40,2514,1,Upland Blackgum,693,18.2,12.9,
2013,77,40,2519,1,Upland Blackgum,693,12.0,9.1,
2013,77,160,2984,2,Upland Blackgum,693,16.1,8.0,
2013,77,160,2985,1,Upland Blackgum,693,26.1,16.2,
2013,77,180,2820,1,Upland Blackgum,693,18.2,15.2,
2013,77,180,2825,1,Upland Blackgum,693,24.7,16.2,
2013,77,190,2745,1,Upland Blackgum,693,29.9,18.8,
2018,77,40,2506,3,Water Oak,827,,,
2018,77,40,2515,2,Water Oak,827,14.4,13.5,DC=1
2018,77,40,2516,2,Water Oak,827,12.3,12.6,DC=1
2022,77,40,2515,3,Water Oak,827,,,
2022,77,40,2516,3,Water Oak,827,,,
2022,77,43,1323,1,Water Oak,827,16.9,11.1,
2022,77,43,1330,1,Water Oak,827,16.7,7.2,
2013,77,40,2506,1,Water Oak ,827,8.0,5.0,
2013,77,40,2515,1,Water Oak ,827,13.6,13.0,
2013,77,40,2516,1,Water Oak ,827,11.2,12.1,
2022,77,32,1348,1,Water Oak ?,,11.1,11.1,
2022,77,32,1349,1,Water Oak ?,,20.6,19.5,
2022,77,32,1350,1,Water Oak ?,,10.5,11.8,
2022,77,32,1354,1,Water Oak ?,,23.5,15.6,
2022,77,32,1351,1,White Oak?,,25.3,17.7,
2022,77,32,1360,1,White Oak?,,22.0,12.9,
1991,77,43,10,1,Willow Oak,831,20.3,12.2,
1991,77,160,14,1,Willow Oak,831,17.3,8.5,
1991,77,180,5,1,Willow Oak,831,14.5,10.4,
1991,77,180,12,1,Willow Oak,831,16.5,11.6,
1991,77,195,2,1,Willow Oak,831,15.2,13.7,
2018,77,166,87,1,Willow Oak,831,19.5,11.7,broken top
2018,77,166,112,1,Willow Oak,831,16.3,13.3,
2018,77,166,167,2,Willow Oak,831,24.5,10.8,broken top
2018,77,166,171,2,Willow Oak,831,22.8,13.2,broken top
2018,77,166,174,1,Willow Oak,831,23.1,15.1,broken top
2018,77,166,176,1,Willow Oak,831,17.8,12.6,
2022,77,166,87,2,Willow Oak,831,19.4,5.9,
2022,77,166,112,1,Willow Oak,831,16.3,13.9,
2022,77,166,167,3,Willow Oak,831,,,
2022,77,166,171,3,Willow Oak,831,,,
2022,77,166,174,1,Willow Oak,831,22.5,12.3,
2022,77,166,176,1,Willow Oak,831,18.2,13.7,
